{"cameraMode":{"drawMode":0,"name":"Shaded","section":"Shading Mode"},"sceneLighting":true,"audioPlay":false,"sceneViewState":{"m_AlwaysRefresh":true,"showFog":true,"showSkybox":true,"showFlares":true,"showImageEffects":true,"showParticleSystems":true,"showVisualEffectGraphs":true,"m_FxEnabled":true},"in2DMode":false,"pivot":{"x":14.586339950561524,"y":4.041139125823975,"z":0.15779876708984376},"rotation":{"x":0.47581687569618227,"y":0.0039579193107783798,"z":-0.002141188830137253,"w":0.8795337080955505},"size":31.276508331298829,"orthographic":true}